{
  "version": "2025-11-03_1710",
  "feature_names": [
    "pm25",
    "pm25_lag1",
    "pm25_lag24",
    "pm25_ma6",
    "pm25_ma24",
    "pm25_chg1",
    "temperature_2m",
    "relative_humidity_2m",
    "wind_speed_10m",
    "surface_pressure",
    "hour",
    "dow",
    "dom",
    "month"
  ],
  "horizons": {
    "h24": {
      "best_model": "rf",
      "metrics": {
        "ridge": {
          "rmse": 57.49618940707715,
          "mae": 53.377618691652984,
          "r2": -18.04427438874245
        },
        "rf": {
          "rmse": 14.386443810059472,
          "mae": 11.982199999999967,
          "r2": -0.19232105370490693
        }
      }
    },
    "h48": {
      "best_model": "rf",
      "metrics": {
        "ridge": {
          "rmse": 29.15463729042706,
          "mae": 26.479472643360587,
          "r2": -11.876260756105827
        },
        "rf": {
          "rmse": 27.947868163381898,
          "mae": 25.42796666666663,
          "r2": -10.832372931112575
        }
      }
    },
    "h72": {
      "best_model": "rf",
      "metrics": {
        "ridge": {
          "rmse": 38.73811475668529,
          "mae": 31.94165656474999,
          "r2": -164.08208331454426
        },
        "rf": {
          "rmse": 31.445200568873208,
          "mae": 30.643783333333296,
          "r2": -107.77565737193473
        }
      }
    }
  }
}