{
  "version": "2025-11-07_1735",
  "feature_names": [
    "pm25",
    "pm25_lag1",
    "pm25_lag24",
    "pm25_ma6",
    "pm25_ma24",
    "pm25_chg1",
    "temperature_2m",
    "relative_humidity_2m",
    "wind_speed_10m",
    "surface_pressure",
    "hour",
    "dow",
    "dom",
    "month"
  ],
  "horizons": {
    "h24": {
      "best_model": "gbr",
      "metrics": {
        "ridge": {
          "rmse": 22.748036092208586,
          "mae": 17.965444843355733,
          "r2": -0.034695417037703624
        },
        "rf": {
          "rmse": 22.35623055899266,
          "mae": 16.842328205128194,
          "r2": 0.000640217879249283
        },
        "gbr": {
          "rmse": 21.47123051684656,
          "mae": 18.493797436660675,
          "r2": 0.0781960232861203
        }
      }
    },
    "h48": {
      "best_model": "rf",
      "metrics": {
        "ridge": {
          "rmse": 19.594074362301157,
          "mae": 16.417688305715497,
          "r2": -0.2971976976121824
        },
        "rf": {
          "rmse": 15.60862020347763,
          "mae": 13.775189743589747,
          "r2": 0.17683728315857872
        },
        "gbr": {
          "rmse": 22.439131503209843,
          "mae": 19.486856532904312,
          "r2": -0.7012524074602058
        }
      }
    },
    "h72": {
      "best_model": "ridge",
      "metrics": {
        "ridge": {
          "rmse": 21.907035456181863,
          "mae": 18.299962838300388,
          "r2": -2.0828276643309915
        },
        "rf": {
          "rmse": 24.41454561413018,
          "mae": 19.34803846153845,
          "r2": -2.828946666600945
        },
        "gbr": {
          "rmse": 24.848709903723897,
          "mae": 20.021706105656484,
          "r2": -2.966337966691805
        }
      }
    }
  }
}