{
  "version": "2025-11-09_0646",
  "feature_names": [
    "pm25",
    "pm25_lag1",
    "pm25_lag24",
    "pm25_ma6",
    "pm25_ma24",
    "pm25_chg1",
    "temperature_2m",
    "relative_humidity_2m",
    "wind_speed_10m",
    "surface_pressure",
    "hour",
    "dow",
    "dom",
    "month"
  ],
  "horizons": {
    "h24": {
      "best_model": "ridge",
      "metrics": {
        "ridge": {
          "rmse": 15.743784518701686,
          "mae": 10.894250255836909,
          "r2": 0.1400975983829411
        },
        "rf": {
          "rmse": 17.767822416214692,
          "mae": 12.023913875598085,
          "r2": -0.09521478415623097
        },
        "gbr": {
          "rmse": 18.085663231996982,
          "mae": 12.1700856971878,
          "r2": -0.13474889161063786
        }
      }
    },
    "h48": {
      "best_model": "rf",
      "metrics": {
        "ridge": {
          "rmse": 18.89751329480297,
          "mae": 13.71751881633379,
          "r2": -0.27495803524106566
        },
        "rf": {
          "rmse": 16.420369803988404,
          "mae": 11.772389154704944,
          "r2": 0.03738541275298157
        },
        "gbr": {
          "rmse": 18.963845448552462,
          "mae": 13.216928866374156,
          "r2": -0.2839242031074729
        }
      }
    },
    "h72": {
      "best_model": "rf",
      "metrics": {
        "ridge": {
          "rmse": 18.553521661661776,
          "mae": 14.149120902872935,
          "r2": -0.2240964468381439
        },
        "rf": {
          "rmse": 16.888725848105334,
          "mae": 12.277011164274313,
          "r2": -0.014277281393878738
        },
        "gbr": {
          "rmse": 17.0601002741846,
          "mae": 12.309962088285252,
          "r2": -0.034966005177186066
        }
      }
    }
  }
}