{
  "version": "2025-11-07_1812",
  "feature_names": [
    "pm25",
    "pm25_lag1",
    "pm25_lag24",
    "pm25_ma6",
    "pm25_ma24",
    "pm25_chg1",
    "temperature_2m",
    "relative_humidity_2m",
    "wind_speed_10m",
    "surface_pressure",
    "hour",
    "dow",
    "dom",
    "month"
  ],
  "horizons": {
    "h24": {
      "best_model": "ridge",
      "metrics": {
        "ridge": {
          "rmse": 14.4856241253357,
          "mae": 10.187771451380758,
          "r2": 0.31632355556542713
        },
        "rf": {
          "rmse": 17.717570910160017,
          "mae": 11.785370577281185,
          "r2": -0.022785476110592784
        },
        "gbr": {
          "rmse": 17.025675607916124,
          "mae": 11.975097372248484,
          "r2": 0.05553710169513215
        }
      }
    },
    "h48": {
      "best_model": "rf",
      "metrics": {
        "ridge": {
          "rmse": 18.574805797276593,
          "mae": 14.138130062277723,
          "r2": -0.08764392175625724
        },
        "rf": {
          "rmse": 17.851974390881814,
          "mae": 13.233598696461822,
          "r2": -0.004640504520149635
        },
        "gbr": {
          "rmse": 19.542153666125873,
          "mae": 14.481586395241589,
          "r2": -0.20387950602578275
        }
      }
    },
    "h72": {
      "best_model": "rf",
      "metrics": {
        "ridge": {
          "rmse": 17.64140641729785,
          "mae": 13.527211399035156,
          "r2": -0.006870599709212888
        },
        "rf": {
          "rmse": 16.33005489122635,
          "mae": 12.336340782122901,
          "r2": 0.13725482633607988
        },
        "gbr": {
          "rmse": 18.89408695112834,
          "mae": 13.777308007205873,
          "r2": -0.15493905797302876
        }
      }
    }
  }
}