{
  "version": "2025-11-07_0019",
  "feature_names": [
    "pm25",
    "pm25_lag1",
    "pm25_lag24",
    "pm25_ma6",
    "pm25_ma24",
    "pm25_chg1",
    "temperature_2m",
    "relative_humidity_2m",
    "wind_speed_10m",
    "surface_pressure",
    "hour",
    "dow",
    "dom",
    "month"
  ],
  "horizons": {
    "h24": {
      "best_model": "ridge",
      "metrics": {
        "ridge": {
          "rmse": 5.94673807126674,
          "mae": 4.702965188573853,
          "r2": -1.1275745829675397
        },
        "rf": {
          "rmse": 26.135045063732612,
          "mae": 20.31148333333336,
          "r2": -40.09355179304845
        }
      }
    },
    "h48": {
      "best_model": "rf",
      "metrics": {
        "ridge": {
          "rmse": 29.445670366042314,
          "mae": 23.39851399109004,
          "r2": -1.4668383921892358
        },
        "rf": {
          "rmse": 15.066967294198381,
          "mae": 12.324466666666652,
          "r2": 0.3541234780019399
        }
      }
    },
    "h72": {
      "best_model": "rf",
      "metrics": {
        "ridge": {
          "rmse": 35.734793476717634,
          "mae": 33.33612426758362,
          "r2": -26.37208400676837
        },
        "rf": {
          "rmse": 3.8501291370838695,
          "mae": 3.235149999999993,
          "r2": 0.682257064127419
        }
      }
    }
  }
}