{
  "version": "2025-10-30_1539",
  "feature_names": [
    "pm25",
    "pm25_lag1",
    "pm25_lag24",
    "pm25_ma6",
    "pm25_ma24",
    "pm25_chg1",
    "temperature_2m",
    "relative_humidity_2m",
    "wind_speed_10m",
    "surface_pressure",
    "hour",
    "dow",
    "dom",
    "month"
  ],
  "horizons": {
    "h24": {
      "best_model": "ridge",
      "metrics": {
        "ridge": {
          "rmse": 10.317376001641463,
          "mae": 8.455324318841033,
          "r2": -1.5094902505876813
        },
        "rf": {
          "rmse": 13.756645949826884,
          "mae": 12.62529999999998,
          "r2": -3.461409800113003
        }
      }
    },
    "h48": {
      "best_model": "rf",
      "metrics": {
        "ridge": {
          "rmse": 19.10604487197641,
          "mae": 17.8406705764639,
          "r2": -6.048496920248468
        },
        "rf": {
          "rmse": 6.934159125501644,
          "mae": 5.974600000000001,
          "r2": 0.07158417417724838
        }
      }
    },
    "h72": {
      "best_model": "rf",
      "metrics": {
        "ridge": {
          "rmse": 21.50847569775937,
          "mae": 18.45630277041551,
          "r2": -12.951359561661967
        },
        "rf": {
          "rmse": 5.892834562698455,
          "mae": 5.019616666666674,
          "r2": -0.0472388931947334
        }
      }
    }
  }
}