{
  "version": "2025-10-24_1552",
  "feature_names": [
    "pm25",
    "pm25_lag1",
    "pm25_lag24",
    "pm25_ma6",
    "pm25_ma24",
    "pm25_chg1",
    "temperature_2m",
    "relative_humidity_2m",
    "wind_speed_10m",
    "surface_pressure",
    "hour",
    "dow",
    "dom",
    "month"
  ],
  "horizons": {
    "h24": {
      "best_model": "rf",
      "metrics": {
        "ridge": {
          "rmse": 36.32017317698786,
          "mae": 26.121894712724895,
          "r2": -11.676795824801975
        },
        "rf": {
          "rmse": 7.495902804569683,
          "mae": 5.707500000000005,
          "r2": 0.4600400261428855
        }
      }
    },
    "h48": {
      "best_model": "ridge",
      "metrics": {
        "ridge": {
          "rmse": 12.124658806550759,
          "mae": 10.514764268307626,
          "r2": 0.18005496326944903
        },
        "rf": {
          "rmse": 15.056509770232656,
          "mae": 11.979583333333341,
          "r2": -0.26442859708764743
        }
      }
    },
    "h72": {
      "best_model": "rf",
      "metrics": {
        "ridge": {
          "rmse": 34.30372609729669,
          "mae": 27.97593209122753,
          "r2": -2.7156817165624627
        },
        "rf": {
          "rmse": 6.4649750201459115,
          "mae": 5.178266666666628,
          "r2": 0.8680256244496378
        }
      }
    }
  }
}