{
  "version": "2025-10-31_1835",
  "feature_names": [
    "pm25",
    "pm25_lag1",
    "pm25_lag24",
    "pm25_ma6",
    "pm25_ma24",
    "pm25_chg1",
    "temperature_2m",
    "relative_humidity_2m",
    "wind_speed_10m",
    "surface_pressure",
    "hour",
    "dow",
    "dom",
    "month"
  ],
  "horizons": {
    "h24": {
      "best_model": "rf",
      "metrics": {
        "ridge": {
          "rmse": 25.019834013441905,
          "mae": 24.174368446483978,
          "r2": -11.087146220791785
        },
        "rf": {
          "rmse": 19.259820508134364,
          "mae": 18.004949999999926,
          "r2": -6.1624136367429365
        }
      }
    },
    "h48": {
      "best_model": "rf",
      "metrics": {
        "ridge": {
          "rmse": 14.335165155659379,
          "mae": 12.762605966024665,
          "r2": -5.693652093996903
        },
        "rf": {
          "rmse": 6.2124370893304945,
          "mae": 5.260366666666684,
          "r2": -0.2571344911043678
        }
      }
    },
    "h72": {
      "best_model": "rf",
      "metrics": {
        "ridge": {
          "rmse": 32.019193117934805,
          "mae": 26.018743448740782,
          "r2": -1.893663670624961
        },
        "rf": {
          "rmse": 31.081334251712335,
          "mae": 25.68603333333334,
          "r2": -1.7266324087223976
        }
      }
    }
  }
}