{
  "version": "2025-11-07_1640",
  "feature_names": [
    "pm25",
    "pm25_lag1",
    "pm25_lag24",
    "pm25_ma6",
    "pm25_ma24",
    "pm25_chg1",
    "temperature_2m",
    "relative_humidity_2m",
    "wind_speed_10m",
    "surface_pressure",
    "hour",
    "dow",
    "dom",
    "month"
  ],
  "horizons": {
    "h24": {
      "best_model": "ridge",
      "metrics": {
        "ridge": {
          "rmse": 14.569591808258975,
          "mae": 10.349817388920542,
          "r2": 0.3231747467415632
        },
        "rf": {
          "rmse": 18.10581486106706,
          "mae": 12.297376685934484,
          "r2": -0.04524460831671617
        }
      }
    },
    "h48": {
      "best_model": "rf",
      "metrics": {
        "ridge": {
          "rmse": 18.705043453370898,
          "mae": 14.389774820391196,
          "r2": -0.08187100981557371
        },
        "rf": {
          "rmse": 18.082083839795757,
          "mae": 13.47182562620424,
          "r2": -0.011008944170535218
        }
      }
    },
    "h72": {
      "best_model": "rf",
      "metrics": {
        "ridge": {
          "rmse": 18.165427038740273,
          "mae": 13.931793506549036,
          "r2": -0.05621188704040847
        },
        "rf": {
          "rmse": 16.803121133361355,
          "mae": 12.952095375722541,
          "r2": 0.09626782671881384
        }
      }
    }
  }
}