{
  "version": "2025-11-04_0018",
  "feature_names": [
    "pm25",
    "pm25_lag1",
    "pm25_lag24",
    "pm25_ma6",
    "pm25_ma24",
    "pm25_chg1",
    "temperature_2m",
    "relative_humidity_2m",
    "wind_speed_10m",
    "surface_pressure",
    "hour",
    "dow",
    "dom",
    "month"
  ],
  "horizons": {
    "h24": {
      "best_model": "rf",
      "metrics": {
        "ridge": {
          "rmse": 57.496189407075875,
          "mae": 53.377618691651705,
          "r2": -18.0442743887416
        },
        "rf": {
          "rmse": 14.38644381005947,
          "mae": 11.982199999999967,
          "r2": -0.1923210537049067
        }
      }
    },
    "h48": {
      "best_model": "rf",
      "metrics": {
        "ridge": {
          "rmse": 29.154637290428408,
          "mae": 26.47947264336195,
          "r2": -11.876260756107017
        },
        "rf": {
          "rmse": 27.947868163381898,
          "mae": 25.427966666666634,
          "r2": -10.832372931112575
        }
      }
    },
    "h72": {
      "best_model": "rf",
      "metrics": {
        "ridge": {
          "rmse": 38.738114756685114,
          "mae": 31.941656564749877,
          "r2": -164.08208331454276
        },
        "rf": {
          "rmse": 31.445200568873208,
          "mae": 30.64378333333329,
          "r2": -107.77565737193473
        }
      }
    }
  }
}