{
  "version": "2025-11-09_0725",
  "feature_names": [
    "pm25",
    "pm25_lag1",
    "pm25_lag24",
    "pm25_ma6",
    "pm25_ma24",
    "pm25_chg1",
    "temperature_2m",
    "relative_humidity_2m",
    "wind_speed_10m",
    "surface_pressure",
    "hour",
    "dow",
    "dom",
    "month"
  ],
  "horizons": {
    "h24": {
      "best_model": "ridge",
      "metrics": {
        "ridge": {
          "rmse": 14.544183204599467,
          "mae": 10.701157094545472,
          "r2": 0.3076268877462126
        },
        "rf": {
          "rmse": 17.22637123287894,
          "mae": 12.011232789855072,
          "r2": 0.02870953488623529
        },
        "gbr": {
          "rmse": 18.386012898036665,
          "mae": 13.306564103299598,
          "r2": -0.10646235355618061
        }
      }
    },
    "h48": {
      "best_model": "ridge",
      "metrics": {
        "ridge": {
          "rmse": 17.229980744918436,
          "mae": 13.384617541783175,
          "r2": 0.005307614765585167
        },
        "rf": {
          "rmse": 18.598742843996565,
          "mae": 14.159711050724633,
          "r2": -0.15900787918874104
        },
        "gbr": {
          "rmse": 19.090508064180366,
          "mae": 14.827858589894516,
          "r2": -0.22110829741533466
        }
      }
    },
    "h72": {
      "best_model": "ridge",
      "metrics": {
        "ridge": {
          "rmse": 16.46544153468446,
          "mae": 12.75601290687565,
          "r2": 0.05727330209572967
        },
        "rf": {
          "rmse": 16.534881196061693,
          "mae": 12.039030797101448,
          "r2": 0.04930501770991502
        },
        "gbr": {
          "rmse": 19.098262047735336,
          "mae": 14.14427507228871,
          "r2": -0.2683138649299346
        }
      }
    }
  }
}