{
  "version": "2025-11-09_0644",
  "feature_names": [
    "pm25",
    "pm25_lag1",
    "pm25_lag24",
    "pm25_ma6",
    "pm25_ma24",
    "pm25_chg1",
    "temperature_2m",
    "relative_humidity_2m",
    "wind_speed_10m",
    "surface_pressure",
    "hour",
    "dow",
    "dom",
    "month"
  ],
  "horizons": {
    "h24": {
      "best_model": "ridge",
      "metrics": {
        "ridge": {
          "rmse": 15.045415488379646,
          "mae": 10.266020209436249,
          "r2": 0.18752173026440133
        },
        "rf": {
          "rmse": 16.141060599259127,
          "mae": 10.887526466380539,
          "r2": 0.06487962617912801
        },
        "gbr": {
          "rmse": 17.16100157861783,
          "mae": 11.326409651258713,
          "r2": -0.05703324285475486
        }
      }
    },
    "h48": {
      "best_model": "rf",
      "metrics": {
        "ridge": {
          "rmse": 19.175545662344827,
          "mae": 13.96416328659579,
          "r2": -0.352211109879089
        },
        "rf": {
          "rmse": 18.05621246747833,
          "mae": 12.453395565092984,
          "r2": -0.19895352920345766
        },
        "gbr": {
          "rmse": 19.466457570368007,
          "mae": 13.573342956396969,
          "r2": -0.39355108098972136
        }
      }
    },
    "h72": {
      "best_model": "rf",
      "metrics": {
        "ridge": {
          "rmse": 18.76051147855854,
          "mae": 14.380674150891025,
          "r2": -0.3082633243999098
        },
        "rf": {
          "rmse": 18.38739521630201,
          "mae": 12.484912017167373,
          "r2": -0.2567423175546242
        },
        "gbr": {
          "rmse": 19.150119835224945,
          "mae": 12.753649295536627,
          "r2": -0.36316620073024786
        }
      }
    }
  }
}