{
  "version": "2025-10-08_2055",
  "feature_names": [
    "pm25",
    "pm25_lag1",
    "pm25_lag24",
    "pm25_ma6",
    "pm25_ma24",
    "pm25_chg1",
    "temperature_2m",
    "relative_humidity_2m",
    "wind_speed_10m",
    "surface_pressure",
    "hour",
    "dow",
    "dom",
    "month"
  ],
  "horizons": {
    "h24": {
      "best_model": "ridge",
      "metrics": {
        "ridge": {
          "rmse": 23.62948401768054,
          "mae": 19.26939652190093,
          "r2": -1.5643567043460451
        },
        "rf": {
          "rmse": 25.04694970916286,
          "mae": 20.025866666666676,
          "r2": -1.8812414017777206
        }
      }
    },
    "h48": {
      "best_model": "ridge",
      "metrics": {
        "ridge": {
          "rmse": 16.046067975016463,
          "mae": 14.01422072023044,
          "r2": -8.302763173522404
        },
        "rf": {
          "rmse": 18.761641285997477,
          "mae": 18.17006666666668,
          "r2": -11.717928119853925
        }
      }
    },
    "h72": {
      "best_model": "rf",
      "metrics": {
        "ridge": {
          "rmse": 11.864390334826242,
          "mae": 9.761344767206301,
          "r2": -6.729908418028741
        },
        "rf": {
          "rmse": 7.397069104269133,
          "mae": 6.279933333333308,
          "r2": -2.0047119735057795
        }
      }
    }
  }
}