{
  "version": "2025-11-03_0016",
  "feature_names": [
    "pm25",
    "pm25_lag1",
    "pm25_lag24",
    "pm25_ma6",
    "pm25_ma24",
    "pm25_chg1",
    "temperature_2m",
    "relative_humidity_2m",
    "wind_speed_10m",
    "surface_pressure",
    "hour",
    "dow",
    "dom",
    "month"
  ],
  "horizons": {
    "h24": {
      "best_model": "ridge",
      "metrics": {
        "ridge": {
          "rmse": 36.160287298742574,
          "mae": 31.04409819834614,
          "r2": -1.766349145104209
        },
        "rf": {
          "rmse": 44.596154472480386,
          "mae": 36.203699999999984,
          "r2": -3.207635103608178
        }
      }
    },
    "h48": {
      "best_model": "ridge",
      "metrics": {
        "ridge": {
          "rmse": 18.509174365246174,
          "mae": 16.79684567977072,
          "r2": -0.9736057350557081
        },
        "rf": {
          "rmse": 33.274950605773526,
          "mae": 28.934583333333354,
          "r2": -5.3785379537050755
        }
      }
    },
    "h72": {
      "best_model": "rf",
      "metrics": {
        "ridge": {
          "rmse": 28.194406111805197,
          "mae": 23.189939182665924,
          "r2": -12.316105113365547
        },
        "rf": {
          "rmse": 21.82876146216782,
          "mae": 18.58388333333335,
          "r2": -6.981959185567041
        }
      }
    }
  }
}