{
  "version": "2025-11-09_0633",
  "feature_names": [
    "pm25",
    "pm25_lag1",
    "pm25_lag24",
    "pm25_ma6",
    "pm25_ma24",
    "pm25_chg1",
    "temperature_2m",
    "relative_humidity_2m",
    "wind_speed_10m",
    "surface_pressure",
    "hour",
    "dow",
    "dom",
    "month"
  ],
  "horizons": {
    "h24": {
      "best_model": "ridge",
      "metrics": {
        "ridge": {
          "rmse": 17.270552008921637,
          "mae": 12.731622402887865,
          "r2": 0.033195481046429776
        },
        "rf": {
          "rmse": 21.93173198646647,
          "mae": 15.020545012165453,
          "r2": -0.5590932593758802
        },
        "gbr": {
          "rmse": 21.304715833697266,
          "mae": 15.952630127605682,
          "r2": -0.47122035736659584
        }
      }
    },
    "h48": {
      "best_model": "ridge",
      "metrics": {
        "ridge": {
          "rmse": 19.178656568362662,
          "mae": 14.328774346944975,
          "r2": -0.21466145974326567
        },
        "rf": {
          "rmse": 21.884814225024353,
          "mae": 16.20658759124088,
          "r2": -0.5816289873329956
        },
        "gbr": {
          "rmse": 23.65679478115319,
          "mae": 16.57607016243203,
          "r2": -0.8481222351370941
        }
      }
    },
    "h72": {
      "best_model": "ridge",
      "metrics": {
        "ridge": {
          "rmse": 17.342530673545152,
          "mae": 12.101161980929925,
          "r2": 0.008136172134721398
        },
        "rf": {
          "rmse": 18.740883942624816,
          "mae": 13.316577858880777,
          "r2": -0.15826318357187197
        },
        "gbr": {
          "rmse": 22.095224547301775,
          "mae": 16.2593668145854,
          "r2": -0.6099928553740994
        }
      }
    }
  }
}