{
  "version": "2025-11-07_1638",
  "feature_names": [
    "pm25",
    "pm25_lag1",
    "pm25_lag24",
    "pm25_ma6",
    "pm25_ma24",
    "pm25_chg1",
    "temperature_2m",
    "relative_humidity_2m",
    "wind_speed_10m",
    "surface_pressure",
    "hour",
    "dow",
    "dom",
    "month"
  ],
  "horizons": {
    "h24": {
      "best_model": "ridge",
      "metrics": {
        "ridge": {
          "rmse": 16.732533175624276,
          "mae": 12.39262007753635,
          "r2": 0.19589819175874434
        },
        "rf": {
          "rmse": 19.277908657076686,
          "mae": 14.040338199513378,
          "r2": -0.06735155111600921
        }
      }
    },
    "h48": {
      "best_model": "ridge",
      "metrics": {
        "ridge": {
          "rmse": 20.31192941020434,
          "mae": 15.409528524879013,
          "r2": -0.2325548589705113
        },
        "rf": {
          "rmse": 20.9561770861892,
          "mae": 15.342704379562043,
          "r2": -0.3119824341228081
        }
      }
    },
    "h72": {
      "best_model": "rf",
      "metrics": {
        "ridge": {
          "rmse": 19.705255244005738,
          "mae": 14.518623092638359,
          "r2": -0.2584704835537508
        },
        "rf": {
          "rmse": 19.59619510144179,
          "mae": 13.48417639902676,
          "r2": -0.2445788428173603
        }
      }
    }
  }
}