{
  "version": "2025-11-08_0019",
  "feature_names": [
    "pm25",
    "pm25_lag1",
    "pm25_lag24",
    "pm25_ma6",
    "pm25_ma24",
    "pm25_chg1",
    "temperature_2m",
    "relative_humidity_2m",
    "wind_speed_10m",
    "surface_pressure",
    "hour",
    "dow",
    "dom",
    "month"
  ],
  "horizons": {
    "h24": {
      "best_model": "gbr",
      "metrics": {
        "ridge": {
          "rmse": 33.23690066419828,
          "mae": 26.158839372511522,
          "r2": -2.142959936519476
        },
        "rf": {
          "rmse": 25.777507764091137,
          "mae": 19.52971666666669,
          "r2": -0.8905129626828026
        },
        "gbr": {
          "rmse": 25.69524087754243,
          "mae": 19.05429245391962,
          "r2": -0.878465371320073
        }
      }
    },
    "h48": {
      "best_model": "rf",
      "metrics": {
        "ridge": {
          "rmse": 21.3842597797405,
          "mae": 20.01141172561696,
          "r2": -4.689520906336664
        },
        "rf": {
          "rmse": 8.380475736960166,
          "mae": 6.410833333333345,
          "r2": 0.12617472894163106
        },
        "gbr": {
          "rmse": 8.839242790581011,
          "mae": 6.801247645642195,
          "r2": 0.02788559147357539
        }
      }
    },
    "h72": {
      "best_model": "gbr",
      "metrics": {
        "ridge": {
          "rmse": 31.77799393566094,
          "mae": 30.461398430768828,
          "r2": -32.0195728547761
        },
        "rf": {
          "rmse": 6.4278962400012665,
          "mae": 5.4290500000000135,
          "r2": -0.35100268031109993
        },
        "gbr": {
          "rmse": 6.175488239459517,
          "mae": 5.0291663961838236,
          "r2": -0.2469846090063723
        }
      }
    }
  }
}