{
  "version": "2025-11-05_2226",
  "feature_names": [
    "pm25",
    "pm25_lag1",
    "pm25_lag24",
    "pm25_ma6",
    "pm25_ma24",
    "pm25_chg1",
    "temperature_2m",
    "relative_humidity_2m",
    "wind_speed_10m",
    "surface_pressure",
    "hour",
    "dow",
    "dom",
    "month"
  ],
  "horizons": {
    "h24": {
      "best_model": "ridge",
      "metrics": {
        "ridge": {
          "rmse": 15.660414475638994,
          "mae": 11.320923634211933,
          "r2": 0.2901512998717902
        },
        "rf": {
          "rmse": 17.727465478184158,
          "mae": 12.620210462287101,
          "r2": 0.09039553438532044
        }
      }
    },
    "h48": {
      "best_model": "rf",
      "metrics": {
        "ridge": {
          "rmse": 19.275220237894136,
          "mae": 14.754912058511684,
          "r2": -0.09047723253406215
        },
        "rf": {
          "rmse": 17.5821303673203,
          "mae": 12.557925790754252,
          "r2": 0.09267913845581666
        }
      }
    },
    "h72": {
      "best_model": "rf",
      "metrics": {
        "ridge": {
          "rmse": 18.52571102038367,
          "mae": 14.15482807573228,
          "r2": -0.005619590842222744
        },
        "rf": {
          "rmse": 18.024180548936627,
          "mae": 13.85385888077859,
          "r2": 0.04809192044018318
        }
      }
    }
  }
}