{
  "version": "2025-11-05_0019",
  "feature_names": [
    "pm25",
    "pm25_lag1",
    "pm25_lag24",
    "pm25_ma6",
    "pm25_ma24",
    "pm25_chg1",
    "temperature_2m",
    "relative_humidity_2m",
    "wind_speed_10m",
    "surface_pressure",
    "hour",
    "dow",
    "dom",
    "month"
  ],
  "horizons": {
    "h24": {
      "best_model": "rf",
      "metrics": {
        "ridge": {
          "rmse": 25.709687324730172,
          "mae": 20.73901219491654,
          "r2": -9.013088788400232
        },
        "rf": {
          "rmse": 25.63420923286782,
          "mae": 24.218216666666684,
          "r2": -8.954382555314549
        }
      }
    },
    "h48": {
      "best_model": "rf",
      "metrics": {
        "ridge": {
          "rmse": 43.260180065093586,
          "mae": 35.11785363959177,
          "r2": -362.3799691781363
        },
        "rf": {
          "rmse": 8.857206765930504,
          "mae": 7.635883333333372,
          "r2": -14.23273561570554
        }
      }
    },
    "h72": {
      "best_model": "rf",
      "metrics": {
        "ridge": {
          "rmse": 40.30207290792415,
          "mae": 32.66121347592066,
          "r2": -91.14858767626207
        },
        "rf": {
          "rmse": 11.051279794163618,
          "mae": 10.541066666666676,
          "r2": -5.928816559662387
        }
      }
    }
  }
}