{
  "version": "2025-11-02_0016",
  "feature_names": [
    "pm25",
    "pm25_lag1",
    "pm25_lag24",
    "pm25_ma6",
    "pm25_ma24",
    "pm25_chg1",
    "temperature_2m",
    "relative_humidity_2m",
    "wind_speed_10m",
    "surface_pressure",
    "hour",
    "dow",
    "dom",
    "month"
  ],
  "horizons": {
    "h24": {
      "best_model": "rf",
      "metrics": {
        "ridge": {
          "rmse": 12.581963057815507,
          "mae": 10.268809501457635,
          "r2": -4.156494343722789
        },
        "rf": {
          "rmse": 8.452107623742927,
          "mae": 7.045749999999994,
          "r2": -1.326953855733648
        }
      }
    },
    "h48": {
      "best_model": "ridge",
      "metrics": {
        "ridge": {
          "rmse": 20.958501632453483,
          "mae": 17.0336242768093,
          "r2": 0.07068336953722898
        },
        "rf": {
          "rmse": 42.47371722574118,
          "mae": 35.43398333333336,
          "r2": -2.8166627843952887
        }
      }
    },
    "h72": {
      "best_model": "rf",
      "metrics": {
        "ridge": {
          "rmse": 26.71284921111445,
          "mae": 25.003635105999113,
          "r2": -1.5883511372137802
        },
        "rf": {
          "rmse": 20.464395865068173,
          "mae": 17.03563333333327,
          "r2": -0.5190799227902132
        }
      }
    }
  }
}