{
  "version": "2025-11-05_1602",
  "feature_names": [
    "pm25",
    "pm25_lag1",
    "pm25_lag24",
    "pm25_ma6",
    "pm25_ma24",
    "pm25_chg1",
    "temperature_2m",
    "relative_humidity_2m",
    "wind_speed_10m",
    "surface_pressure",
    "hour",
    "dow",
    "dom",
    "month"
  ],
  "horizons": {
    "h24": {
      "best_model": "rf",
      "metrics": {
        "ridge": {
          "rmse": 22.870114592791097,
          "mae": 19.359310792017258,
          "r2": -100.55960884009946
        },
        "rf": {
          "rmse": 11.55016565561824,
          "mae": 10.64545000000004,
          "r2": -24.90363811813812
        }
      }
    },
    "h48": {
      "best_model": "ridge",
      "metrics": {
        "ridge": {
          "rmse": 14.395332951263246,
          "mae": 11.77930702620546,
          "r2": -11.467248085486675
        },
        "rf": {
          "rmse": 19.769604621320433,
          "mae": 17.101183333333367,
          "r2": -22.513817375182537
        }
      }
    },
    "h72": {
      "best_model": "rf",
      "metrics": {
        "ridge": {
          "rmse": 31.370480529590974,
          "mae": 25.93980197282417,
          "r2": -2.682230562846467
        },
        "rf": {
          "rmse": 18.177791813394457,
          "mae": 14.56113333333332,
          "r2": -0.23637691167465813
        }
      }
    }
  }
}