{
  "version": "2025-10-10_0231",
  "feature_names": [
    "pm25",
    "pm25_lag1",
    "pm25_lag24",
    "pm25_ma6",
    "pm25_ma24",
    "pm25_chg1",
    "temperature_2m",
    "relative_humidity_2m",
    "wind_speed_10m",
    "surface_pressure",
    "hour",
    "dow",
    "dom",
    "month"
  ],
  "horizons": {
    "h24": {
      "best_model": "rf",
      "metrics": {
        "ridge": {
          "rmse": 47.61418944125177,
          "mae": 41.765677833435575,
          "r2": -80.91199448457627
        },
        "rf": {
          "rmse": 16.50529197493271,
          "mae": 15.407300000000006,
          "r2": -8.842856018909947
        }
      }
    },
    "h48": {
      "best_model": "rf",
      "metrics": {
        "ridge": {
          "rmse": 57.30926527895804,
          "mae": 47.83946198886555,
          "r2": -138.12338726670197
        },
        "rf": {
          "rmse": 8.988488716130183,
          "mae": 6.794299999999976,
          "r2": -2.4223452275179627
        }
      }
    },
    "h72": {
      "best_model": "rf",
      "metrics": {
        "ridge": {
          "rmse": 21.325335366083028,
          "mae": 17.08465052894172,
          "r2": -29.31112471012649
        },
        "rf": {
          "rmse": 4.6253836765781635,
          "mae": 3.777233333333348,
          "r2": -0.42595506055665644
        }
      }
    }
  }
}